Date,Month,Lookback,Day Type,Protein Goal,Carbs Goal,Fat Goal,Calories Goal,Protein 3DA Goal,Carbs 3DA Goal,Fat 3DA Goal,Calories 3DA Goal,Protein,Carbs,Fat,Calories,Protein 3DA,Carbs 3DA,Fat 3DA,Calories 3DA,Maintenance Calories,Maintenance Calories 3DA,Today Calories,Today Protein,Today Carbs,Today Fat
2026-04-20,,,Rest,,,,,,,,,156.6,83.4,72.5,1618,,,,,2275,,,,,
2026-04-21,,,Rest,,,,,,,,,159.9,86.8,69.5,1591,,,,,2275,,,,,
2026-04-22,,,Rest,,,,,,,,,158.1,76.1,62.9,1542,,,,,2275,,,,,
2026-04-23,,,Rest,,,,,,,,,163.1,73.4,50.1,1431,,,,,2275,,,,,
2026-04-24,,,Lift Only,,,,,,,,,161.0,120.8,50.3,1557,,,,,2540,,,,,
2026-04-25,,,Lift Only,,,,,,,,,156.4,134.7,56.0,1631,,,,,2540,,,,,
2026-04-26,,,Rest,,,,,,,,,194.3,94.6,65.0,1742,,,,,2275,,,,,
2026-04-27,,,Rest,,,,,,,,,175.3,86.7,71.5,1683,,,,,2275,,,,,
2026-04-28,,,Rest,,,,,,,,,183.9,78.9,54.2,1539,,,,,2275,,,,,
2026-04-29,,,Rest,,,,,,,,,170.1,74.2,74.0,1638,,,,,2275,,,,,
2026-04-30,,,Rest,,,,,,,,,162.5,85.4,64.5,1588,,,,,2275,,,,,
2026-05-01,,,Rest,,,,,,,,,192.2,84.7,64.9,1671,,,,,2275,,,,,
2026-05-02,,,Rest,,,,,,,,,176.8,98.6,50.3,1596,,,,,2275,,,,,
2026-05-03,,,Rest,,,,,,,,,177.1,71.5,71.2,1640,,,,,2275,,,,,
2026-05-04,,,Rest,,,,,,,,,186.8,72.8,73.2,1686,,,,,2275,,,,,
2026-05-05,,,Rest,,,,,,,,,178.1,94.5,68.1,1715,,,,,2275,,,,,
2026-05-06,,,Lift Only,,,,,,,,,181.5,94.2,69.0,1743,,,,,2540,,,,,
2026-05-07,,,Rest,,,,,,,,,153.5,78.3,56.7,1448,,,,,2275,,,,,
2026-05-08,,,Lift Only,,,,,,,,,160.1,117.7,76.1,1863,,,,,2540,,,,,
2026-05-09,,,Lift Only,,,,,,,,,157.0,115.6,60.2,1592,,,,,2540,,,,,
2026-05-10,,,Rest,,,,,,,,,184.7,99.3,57.2,1680,,,,,2275,,,,,
2026-05-11,,,Rest,,,,,,,,,185.1,93.6,73.0,1771,,,,,2275,,,,,
2026-05-12,,,Rest,,,,,,,,,178.0,69.3,64.8,1584,,,,,2275,,,,,
2026-05-13,,,Rest,,,,,,,,,176.2,79.6,48.5,1392,,,,,2275,,,,,
2026-05-14,,,Rest,,,,,,,,,153.1,80.4,53.4,1419,,,,,2275,,,,,
2026-05-15,,,Lift Only,,,,,,,,,174.9,126.2,64.4,1791,,,,,2540,,,,,
2026-05-16,,,Rest,,,,,,,,,180.3,96.9,50.2,1552,,,,,2275,,,,,
2026-05-17,,,Rest,,,,,,,,,157.9,95.9,48.6,1430,,,,,2275,,,,,
2026-05-18,,,Rest,,,,,,,,,176.3,83.0,65.8,1638,,,,,2275,,,,,
2026-05-19,,,Rest,,,,,,,,,153.3,95.4,67.9,1656,,,,,2275,,,,,
2026-05-20,,,Lift Only,,,,,,,,,189.3,128.5,56.2,1749,,,,,2540,,,,,
2026-05-21,,,Rest,,,,,,,,,153.9,98.9,72.5,1679,,,,,2275,,,,,
2026-05-22,,,Lift Only,,,,,,,,,193.9,115.7,67.2,1853,,,,,2540,,,,,
2026-05-23,,,Lift Only,,,,,,,,,188.0,128.5,52.2,1771,,,,,2540,,,,,
2026-05-24,,,Lift Only,,,,,,,,,168.0,92.9,75.1,1777,,,,,2540,,,,,
2026-05-25,,,Rest,,,,,,,,,186.4,74.9,61.0,1584,,,,,2275,,,,,
2026-05-26,,,Lift Only,,,,,,,,,191.8,119.7,69.1,1829,,,,,2540,,,,,
2026-05-27,,,Rest,,,,,,,,,187.5,78.6,72.5,1695,,,,,2275,,,,,
2026-05-28,,,Rest,,,,,,,,,163.0,99.0,49.4,1519,,,,,2275,,,,,
2026-05-29,,,Lift Only,,,,,,,,,183.1,127.1,69.4,1858,,,,,2540,,,,,
DATE,#VALUE!,#VALUE!,Rest,#VALUE!,#VALUE!,#VALUE!,#VALUE!,#VALUE!,#VALUE!,#VALUE!,#VALUE!,#VALUE!,#VALUE!,#VALUE!,#VALUE!,#VALUE!,#VALUE!,#VALUE!,#VALUE!,#VALUE!,#VALUE!,,,,
2026-05-30,,,Lift Only,,,,,,,,,158.6,98.6,58.7,1564,,,,,2540,,,,,
2026-05-31,,,Lift Only,,,,,,,,,189.8,111.8,69.0,1811,,,,,2540,,,,,
2026-06-01,,,Rest,,,,,,,,,167.3,81.3,58.2,1531,,,,,2275,,,,,
2026-06-02,,,Lift Only,,,,,,,,,185.2,133.1,60.0,1831,,,,,2540,,,,,
2026-06-03,,,Rest,,,,,,,,,164.3,75.1,71.8,1603,,,,,2275,,,,,
2026-06-04,,,Rest,,,,,,,,,191.2,92.6,66.0,1750,,,,,2275,,,,,
2026-06-05,,,Lift Only,,,,,,,,,177.1,130.1,77.3,2015,,,,,2540,,,,,
2026-06-06,,,Rest,,,,,,,,,171.1,82.4,73.5,1681,,,,,2275,,,,,
2026-06-07,,,Rest,,,,,,,,,182.5,72.0,48.8,1424,,,,,2275,,,,,
2026-06-08,,,Lift Only,,,,,,,,,189.7,103.6,60.0,1716,,,,,2540,,,,,
2026-06-09,,,Lift Only,,,,,,,,,163.0,98.3,52.9,1528,,,,,2540,,,,,
2026-06-10,,,Lift Only,,,,,,,,,174.3,115.6,52.4,1619,,,,,2540,,,,,
2026-06-11,,,Lift Only,,,,,,,,,166.3,109.9,64.1,1702,,,,,2540,,,,,
2026-06-12,,,Rest,,,,,,,,,162.6,99.5,71.5,1732,,,,,2275,,,,,
2026-06-13,,,Rest,,,,,,,,,166.9,79.5,53.8,1486,,,,,2275,,,,,
2026-06-14,,,Lift Only,,,,,,,,,187.1,133.0,53.3,1758,,,,,2540,,,,,
2026-06-15,,,Rest,,,,,,,,,156.2,68.4,65.2,1501,,,,,2275,,,,,
2026-06-16,,,Rest,,,,,,,,,168.0,93.6,69.2,1664,,,,,2275,,,,,
2026-06-17,,,Rest,,,,,,,,,171.7,64.5,68.7,1596,,,,,2275,,,,,
2026-06-18,,,Rest,,,,,,,,,158.1,73.3,56.1,1457,,,,,2275,,,,,
2026-06-19,,,Lift Only,,,,,,,,,175.4,99.6,66.8,1736,,,,,2540,,,,,
2026-06-20,,,Rest,,,,,,,,,181.9,84.4,54.7,1497,,,,,2275,,,,,
2026-06-21,,,Lift Only,,,,,,,,,178.0,100.9,61.7,1620,,,,,2540,,,,,
2026-06-22,,,Lift Only,,,,,,,,,187.4,120.9,70.0,1858,,,,,2540,,,,,
2026-06-23,,,Rest,,,,,,,,,183.8,76.4,65.0,1671,,,,,2275,,,,,
2026-06-24,,,Rest,,,,,,,,,192.4,89.7,59.5,1698,,,,,2275,,,,,
2026-06-25,,,Lift Only,,,,,,,,,173.4,127.7,68.7,1899,,,,,2540,,,,,
2026-06-26,,,Rest,,,,,,,,,181.6,80.4,59.5,1542,,,,,2275,,,,,
2026-06-27,,,Rest,,,,,,,,,176.3,97.1,57.9,1596,,,,,2275,,,,,
2026-06-28,,,Lift Only,,,,,,,,,175.8,95.9,73.1,1706,,,,,2540,,,,,
2026-06-29,,,Rest,,,,,,,,,165.3,86.1,68.3,1658,,,,,2275,,,,,
2026-06-30,,,Rest,,,,,,,,,165.0,75.3,58.2,1483,,,,,2275,,,,,
2026-07-01,,,Lift Only,,,,,,,,,186.6,121.1,77.4,1941,,,,,2540,,,,,
2026-07-02,,,Rest,,,,,,,,,169.0,72.9,73.0,1628,,,,,2275,,,,,
2026-07-03,,,Rest,,,,,,,,,193.2,90.7,62.1,1696,,,,,2275,,,,,
2026-07-04,,,Lift Only,,,,,,,,,189.3,90.3,57.6,1652,,,,,2540,,,,,
2026-07-05,,,Rest,,,,,,,,,162.4,95.5,52.3,1478,,,,,2275,,,,,
2026-07-06,,,Rest,,,,,,,,,186.5,93.7,51.6,1550,,,,,2275,,,,,
2026-07-07,,,Rest,,,,,,,,,171.8,83.8,72.0,1674,,,,,2275,,,,,
2026-07-08,,,Rest,,,,,,,,,155.0,65.4,53.2,1352,,,,,2275,,,,,
2026-07-09,,,Lift Only,,,,,,,,,185.7,110.9,73.0,1836,,,,,2540,,,,,
2026-07-10,,,Lift Only,,,,,,,,,156.7,105.8,55.0,1503,,,,,2540,,,,,
2026-07-11,,,Lift Only,,,,,,,,,175.5,91.1,65.5,1641,,,,,2540,,,,,
2026-07-12,,,Rest,,,,,,,,,170.8,69.8,51.3,1447,,,,,2275,,,,,
2026-07-13,,,Lift Only,,,,,,,,,168.9,91.5,64.5,1611,,,,,2540,,,,,
2026-07-14,,,Lift Only,,,,,,,,,169.1,132.2,60.2,1795,,,,,2540,,,,,
2026-07-15,,,Rest,,,,,,,,,170.9,86.9,69.5,1700,,,,,2275,,,,,
2026-07-16,,,Rest,,,,,,,,,182.5,75.6,58.8,1551,,,,,2275,,,,,
2026-07-17,,,Lift Only,,,,,,,,,194.2,103.8,73.8,1906,,,,,2540,,,,,
2026-07-18,,,Rest,,,,,,,,,164.3,92.3,49.7,1444,,,,,2275,,,,,
2026-07-19,,,Rest,,,,,,,,,168.0,72.5,60.1,1550,,,,,2275,,,,,
2026-07-20,,,Rest,,,,,,,,,155.5,65.0,63.3,1434,,,,,2275,,,,,
2026-07-21,,,Run Only,,,,,,,,,190.8,107.3,67.4,1807,,,,,2625,,,,,
2026-07-22,,,Run Only,,,,,,,,,162.9,116.1,73.7,1806,,,,,2625,,,,,
2026-07-23,,,Lift + Run,,,,,,,,,161.0,146.6,60.7,1765,,,,,2800,,,,,
2026-07-24,,,Rest,,,,,,,,,161.9,65.7,58.6,1422,,,,,2275,,,,,
2026-07-25,,,Lift Only,,,,,,,,,173.4,108.4,53.2,1620,,,,,2540,,,,,
2026-07-26,,,Lift Only,,,,,,,,,163.2,99.7,60.6,1557,,,,,2540,,,,,
2026-07-27,,,Run Only,,,,,,,,,154.8,109.3,72.9,1692,,,,,2625,,,,,
2026-07-28,,,Run Only,,,,,,,,,178.1,119.7,60.3,1709,,,,,2625,,,,,
2026-07-29,,,Run Only,,,,,,,,,154.8,123.6,70.8,1748,,,,,2625,,,,,
2026-07-30,,,Lift + Run,,,,,,,,,193.6,192.3,59.8,2042,,,,,2800,,,,,
2026-07-31,,,Run Only,,,,,,,,,155.8,142.1,52.0,1645,,,,,2625,,,,,
2026-08-01,,,Run Only,,,,,,,,,178.2,136.8,53.8,1731,,,,,2625,,,,,
2026-08-02,,,Run Only,,,,,,,,,158.8,123.0,75.2,1780,,,,,2625,,,,,
2026-08-03,,,Rest,,,,,,,,,178.7,73.4,57.3,1533,,,,,2275,,,,,
2026-08-04,,,Run Only,,,,,,,,,188.1,134.5,76.2,2005,,,,,2625,,,,,
2026-08-05,,,Lift + Run,,,,,,,,,162.6,124.9,70.9,1795,,,,,2800,,,,,
2026-08-06,,,Rest,,,,,,,,,168.8,99.1,72.6,1711,,,,,2275,,,,,
2026-08-07,,,Rest,,,,,,,,,188.8,72.9,53.4,1521,,,,,2275,,,,,
2026-08-08,,,Run Only,,,,,,,,,186.0,135.2,57.1,1802,,,,,2625,,,,,
2026-08-09,,,Rest,,,,,,,,,163.7,73.6,58.1,1491,,,,,2275,,,,,
2026-08-10,,,Rest,,,,,,,,,169.8,85.1,55.4,1563,,,,,2275,,,,,
2026-08-11,,,Run Only,,,,,,,,,179.3,128.0,52.8,1676,,,,,2625,,,,,
2026-08-12,,,Run Only,,,,,,,,,178.3,125.2,62.6,1774,,,,,2625,,,,,
2026-08-13,,,Rest,,,,,,,,,187.2,73.1,50.6,1492,,,,,2275,,,,,
2026-08-14,,,Run Only,,,,,,,,,189.6,161.2,50.4,1905,,,,,2625,,,,,
2026-08-15,,,Run Only,,,,,,,,,193.6,112.1,61.9,1785,,,,,2625,,,,,
2026-08-16,,,Lift + Run,,,,,,,,,154.3,172.6,67.5,1924,,,,,2800,,,,,
2026-08-17,,,Rest,,,,,,,,,177.2,89.2,49.8,1528,,,,,2275,,,,,
2026-08-18,,,Rest,,,,,,,,,194.0,81.6,64.4,1685,,,,,2275,,,,,
2026-08-19,,,Rest,,,,,,,,,153.8,82.7,44.5,1339,,,,,2275,,,,,
2026-08-20,,,Rest,,,,,,,,,181.1,85.1,59.4,1643,,,,,2275,,,,,
2026-08-21,,,Run Only,,,,,,,,,186.0,120.0,62.3,1760,,,,,2625,,,,,
2026-08-22,,,Rest,,,,,,,,,170.0,61.0,54.0,1397,,,,,2275,,,,,
2026-08-23,,,Run Only,,,,,,,,,158.6,118.3,60.5,1662,,,,,2625,,,,,
2026-08-24,,,Lift Only,,,,,,,,,188.0,83.0,65.9,1700,,,,,2540,,,,,
2026-08-25,,,Rest,,,,,,,,,160.2,90.6,63.5,1548,,,,,2275,,,,,
2026-08-26,,,Rest,,,,,,,,,164.4,91.0,64.1,1637,,,,,2275,,,,,
2026-08-27,,,Rest,,,,,,,,,168.9,76.4,52.5,1433,,,,,2275,,,,,
2026-08-28,,,Lift Only,,,,,,,,,170.5,103.7,61.2,1678,,,,,2540,,,,,
2026-08-29,,,Rest,,,,,,,,,164.0,72.7,66.5,1523,,,,,2275,,,,,
2026-08-30,,,Run Only,,,,,,,,,192.8,140.2,64.7,1873,,,,,2625,,,,,
2026-08-31,,,Run Only,,,,,,,,,186.7,129.0,57.1,1721,,,,,2625,,,,,
2026-09-01,,,Lift + Run,,,,,,,,,157.4,123.1,52.9,1677,,,,,2800,,,,,
2026-09-02,,,Run Only,,,,,,,,,191.8,123.2,47.3,1706,,,,,2625,,,,,
2026-09-03,,,Run Only,,,,,,,,,192.6,130.2,64.1,1889,,,,,2625,,,,,
2026-09-04,,,Run Only,,,,,,,,,161.7,137.8,71.0,1874,,,,,2625,,,,,
2026-09-05,,,Run Only,,,,,,,,,163.6,97.5,58.7,1569,,,,,2625,,,,,
2026-09-06,,,Rest,,,,,,,,,190.0,64.3,67.7,1609,,,,,2275,,,,,
2026-09-07,,,Run Only,,,,,,,,,175.5,114.5,49.0,1620,,,,,2625,,,,,
2026-09-08,,,Run Only,,,,,,,,,165.9,106.0,51.4,1541,,,,,2625,,,,,
2026-09-09,,,Lift + Run,,,,,,,,,189.1,136.3,70.1,1904,,,,,2800,,,,,
2026-09-10,,,Run Only,,,,,,,,,187.1,109.9,61.6,1726,,,,,2625,,,,,
2026-09-11,,,Rest,,,,,,,,,176.7,78.0,56.6,1516,,,,,2275,,,,,
2026-09-12,,,Rest,,,,,,,,,182.4,65.9,53.4,1456,,,,,2275,,,,,
2026-09-13,,,Lift Only,,,,,,,,,187.2,106.2,68.0,1767,,,,,2540,,,,,
2026-09-14,,,Lift + Run,,,,,,,,,174.3,138.6,65.4,1887,,,,,2800,,,,,
2026-09-15,,,Rest,,,,,,,,,187.5,82.4,58.0,1556,,,,,2275,,,,,
2026-09-16,,,Run Only,,,,,,,,,164.2,100.1,56.8,1558,,,,,2625,,,,,
2026-09-17,,,Run Only,,,,,,,,,156.3,148.0,59.1,1728,,,,,2625,,,,,
2026-09-18,,,Rest,,,,,,,,,153.2,60.2,48.1,1299,,,,,2275,,,,,
2026-09-19,,,Rest,,,,,,,,,157.2,78.9,56.0,1471,,,,,2275,,,,,
2026-09-20,,,Rest,,,,,,,,,183.9,78.4,47.7,1457,,,,,2275,,,,,
,,,,#REF!,#REF!,#REF!,#REF!,,,,,,,,,180,130,60,1900,#REF!,#REF!,,,,
,,,,#REF!,#REF!,#REF!,#REF!,,,,,,,,,180,130,60,1900,#REF!,#REF!,,,,
