activity_id,activity_name,run_date,session_distance_m,session_moving_time_s,session_elapsed_time_s,session_elev_gain_m,session_avg_hr,session_max_hr,km,distance_m,elapsed_time_s,pace,pace_min_km,grade_adj_pace,avg_hr,avg_grade_pct,elev_gain_m,elev_loss_m
30000000000,Evening Run,2026-07-21,8643.3,2894,2896,30.3,,,1,1002.3,326,5.25,5.421,5.21,,0.39,0.6,1.1
30000000000,Evening Run,2026-07-21,8643.3,2894,2896,30.3,,,2,999.6,344,5.44,5.736,5.40,,-0.29,2.2,7.7
30000000000,Evening Run,2026-07-21,8643.3,2894,2896,30.3,,,3,998.9,332,5.32,5.539,5.29,,0.32,0.2,1.5
30000000000,Evening Run,2026-07-21,8643.3,2894,2896,30.3,,,4,1004.6,332,5.30,5.508,5.27,,-1.1,0.9,6.2
30000000000,Evening Run,2026-07-21,8643.3,2894,2896,30.3,,,5,999.3,346,5.46,5.771,5.42,,-0.12,5.6,1.7
30000000000,Evening Run,2026-07-21,8643.3,2894,2896,30.3,,,6,1000.1,320,5.19,5.333,5.16,,-0.59,8.0,1.6
30000000000,Evening Run,2026-07-21,8643.3,2894,2896,30.3,,,7,997.0,346,5.47,5.784,5.43,,-0.5,1.1,0.6
30000000000,Evening Run,2026-07-21,8643.3,2894,2896,30.3,,,8,1002.8,330,5.29,5.485,5.25,,0.37,8.0,6.5
30000000000,Evening Run,2026-07-21,8643.3,2894,2896,30.3,,,9,638.7,220,5.44,5.741,5.41,,0.7,7.7,7.9
30000007919,Evening Run,2026-07-22,7768.4,2352,2354,24.0,,,1,1005.1,294,4.52,4.875,4.49,,1.72,6.2,5.9
30000007919,Evening Run,2026-07-22,7768.4,2352,2354,24.0,,,2,997.4,316,5.16,5.28,5.13,,-0.31,4.4,6.4
30000007919,Evening Run,2026-07-22,7768.4,2352,2354,24.0,,,3,1001.3,292,4.51,4.86,4.48,,0.68,0.2,4.3
30000007919,Evening Run,2026-07-22,7768.4,2352,2354,24.0,,,4,998.6,312,5.12,5.207,5.09,,0.94,5.1,5.5
30000007919,Evening Run,2026-07-22,7768.4,2352,2354,24.0,,,5,1001.3,296,4.55,4.927,4.52,,0.45,6.1,3.0
30000007919,Evening Run,2026-07-22,7768.4,2352,2354,24.0,,,6,999.3,308,5.08,5.137,5.05,,0.03,5.9,2.5
30000007919,Evening Run,2026-07-22,7768.4,2352,2354,24.0,,,7,1002.6,302,5.01,5.02,4.58,,0.4,3.4,7.7
30000007919,Evening Run,2026-07-22,7768.4,2352,2354,24.0,,,8,762.8,234,5.06,5.113,5.03,,1.37,7.8,1.1
30000015838,Afternoon Run,2026-07-23,6701.6,2294,2296,24.0,,,1,1004.6,332,5.30,5.508,5.27,,0.28,0.1,7.1
30000015838,Afternoon Run,2026-07-23,6701.6,2294,2296,24.0,,,2,996.0,350,5.51,5.857,5.47,,-1.01,3.5,1.8
30000015838,Afternoon Run,2026-07-23,6701.6,2294,2296,24.0,,,3,1000.3,344,5.43,5.732,5.40,,-0.4,1.2,1.3
30000015838,Afternoon Run,2026-07-23,6701.6,2294,2296,24.0,,,4,1003.4,334,5.32,5.548,5.29,,-0.04,4.8,6.5
30000015838,Afternoon Run,2026-07-23,6701.6,2294,2296,24.0,,,5,995.8,356,5.57,5.958,5.53,,-0.27,2.6,0.9
30000015838,Afternoon Run,2026-07-23,6701.6,2294,2296,24.0,,,6,1000.4,328,5.27,5.464,5.24,,-0.44,5.4,3.8
30000015838,Afternoon Run,2026-07-23,6701.6,2294,2296,24.0,,,7,701.1,252,5.59,5.991,5.55,,-0.61,3.3,1.9
30000023757,Afternoon Run,2026-07-27,3428.0,1126,1128,8.1,,,1,1000.0,318,5.18,5.3,5.14,,-0.49,5.1,2.9
30000023757,Afternoon Run,2026-07-27,3428.0,1126,1128,8.1,,,2,1003.9,340,5.38,5.645,5.35,,-0.04,6.6,6.4
30000023757,Afternoon Run,2026-07-27,3428.0,1126,1128,8.1,,,3,998.5,322,5.22,5.375,5.19,,-1.05,0.5,4.9
30000023757,Afternoon Run,2026-07-27,3428.0,1126,1128,8.1,,,4,425.6,148,5.47,5.796,5.44,,-0.8,6.7,0.6
30000031676,Evening Run,2026-07-28,7494.6,2386,2388,24.0,,,1,1003.6,310,5.08,5.148,5.05,,-0.21,6.4,6.3
30000031676,Evening Run,2026-07-28,7494.6,2386,2388,24.0,,,2,1000.4,330,5.29,5.498,5.26,,0.9,5.9,0.4
30000031676,Evening Run,2026-07-28,7494.6,2386,2388,24.0,,,3,1001.3,312,5.11,5.193,5.08,,0.5,7.6,5.4
30000031676,Evening Run,2026-07-28,7494.6,2386,2388,24.0,,,4,996.9,322,5.23,5.383,5.19,,0.18,2.9,5.0
30000031676,Evening Run,2026-07-28,7494.6,2386,2388,24.0,,,5,1002.5,322,5.21,5.353,5.17,,-0.16,2.9,1.4
30000031676,Evening Run,2026-07-28,7494.6,2386,2388,24.0,,,6,996.9,310,5.10,5.183,5.07,,-0.17,5.7,1.6
30000031676,Evening Run,2026-07-28,7494.6,2386,2388,24.0,,,7,998.8,330,5.30,5.507,5.27,,-0.07,7.9,1.9
30000031676,Evening Run,2026-07-28,7494.6,2386,2388,24.0,,,8,494.2,152,5.07,5.126,5.04,,0.43,7.5,4.6
30000039595,Afternoon Run,2026-07-29,6238.0,2086,2088,24.0,,,1,1003.5,326,5.24,5.414,5.21,,-0.94,0.3,0.5
30000039595,Afternoon Run,2026-07-29,6238.0,2086,2088,24.0,,,2,1002.3,346,5.45,5.753,5.41,,-0.63,1.0,1.8
30000039595,Afternoon Run,2026-07-29,6238.0,2086,2088,24.0,,,3,999.3,334,5.34,5.571,5.30,,0.29,2.1,2.7
30000039595,Afternoon Run,2026-07-29,6238.0,2086,2088,24.0,,,4,999.6,330,5.30,5.502,5.26,,-0.09,7.0,2.1
30000039595,Afternoon Run,2026-07-29,6238.0,2086,2088,24.0,,,5,999.7,348,5.48,5.802,5.44,,0.12,1.2,5.5
30000039595,Afternoon Run,2026-07-29,6238.0,2086,2088,24.0,,,6,996.5,320,5.21,5.352,5.17,,-0.74,5.7,7.4
30000039595,Afternoon Run,2026-07-29,6238.0,2086,2088,24.0,,,7,237.1,84,5.54,5.905,5.50,,-0.07,3.5,3.7
30000047514,Evening Run,2026-07-30,8579.0,2746,2748,29.6,,,1,1005.9,312,5.10,5.169,5.07,,0.29,5.4,4.1
30000047514,Evening Run,2026-07-30,8579.0,2746,2748,29.6,,,2,999.7,332,5.32,5.535,5.28,,0.65,4.6,2.2
30000047514,Evening Run,2026-07-30,8579.0,2746,2748,29.6,,,3,997.4,312,5.12,5.214,5.09,,0.09,6.0,6.4
30000047514,Evening Run,2026-07-30,8579.0,2746,2748,29.6,,,4,1000.9,322,5.21,5.362,5.18,,0.24,5.2,3.5
30000047514,Evening Run,2026-07-30,8579.0,2746,2748,29.6,,,5,1000.7,324,5.23,5.396,5.20,,0.52,4.6,0.8
30000047514,Evening Run,2026-07-30,8579.0,2746,2748,29.6,,,6,997.6,310,5.10,5.179,5.07,,1.01,6.4,1.5
30000047514,Evening Run,2026-07-30,8579.0,2746,2748,29.6,,,7,1001.9,334,5.33,5.556,5.30,,0.43,6.5,0.2
30000047514,Evening Run,2026-07-30,8579.0,2746,2748,29.6,,,8,1001.2,306,5.05,5.094,5.02,,-0.58,6.5,3.9
30000047514,Evening Run,2026-07-30,8579.0,2746,2748,29.6,,,9,573.7,196,5.41,5.694,5.38,,-0.21,4.2,4.7
30000055433,Morning Run,2026-07-31,6591.9,2262,2264,24.0,,,1,1000.4,332,5.31,5.531,5.28,,-0.4,1.9,0.2
30000055433,Morning Run,2026-07-31,6591.9,2262,2264,24.0,,,2,1001.5,352,5.51,5.858,5.47,,0.87,4.6,0.0
30000055433,Morning Run,2026-07-31,6591.9,2262,2264,24.0,,,3,999.3,344,5.44,5.737,5.40,,0.1,3.7,1.0
30000055433,Morning Run,2026-07-31,6591.9,2262,2264,24.0,,,4,1004.5,334,5.32,5.542,5.29,,0.13,4.3,4.2
30000055433,Morning Run,2026-07-31,6591.9,2262,2264,24.0,,,5,1000.0,358,5.58,5.967,5.54,,-0.03,2.7,0.1
30000055433,Morning Run,2026-07-31,6591.9,2262,2264,24.0,,,6,996.2,328,5.29,5.488,5.25,,-0.92,3.3,2.4
30000055433,Morning Run,2026-07-31,6591.9,2262,2264,24.0,,,7,590.0,216,6.06,6.102,6.02,,0.18,2.5,2.8
30000063352,River Loop,2026-08-01,4339.0,1330,1332,15.3,,,1,1004.4,300,4.58,4.978,4.55,,-0.61,7.4,1.1
30000063352,River Loop,2026-08-01,4339.0,1330,1332,15.3,,,2,1002.1,322,5.21,5.355,5.18,,0.56,0.1,6.4
30000063352,River Loop,2026-08-01,4339.0,1330,1332,15.3,,,3,998.3,298,4.58,4.975,4.55,,0.2,2.0,4.3
30000063352,River Loop,2026-08-01,4339.0,1330,1332,15.3,,,4,1000.9,316,5.15,5.262,5.12,,-0.06,2.7,3.2
30000063352,River Loop,2026-08-01,4339.0,1330,1332,15.3,,,5,333.3,96,4.48,4.8,4.45,,-0.35,5.3,6.3
30000071271,River Loop,2026-08-02,3932.2,1340,1342,11.1,,,1,1005.1,336,5.34,5.572,5.30,,0.16,5.8,1.5
30000071271,River Loop,2026-08-02,3932.2,1340,1342,11.1,,,2,996.7,350,5.51,5.853,5.47,,0.15,4.7,7.7
30000071271,River Loop,2026-08-02,3932.2,1340,1342,11.1,,,3,1003.5,346,5.44,5.747,5.41,,0.09,1.7,3.0
30000071271,River Loop,2026-08-02,3932.2,1340,1342,11.1,,,4,926.9,310,5.34,5.574,5.31,,-0.88,0.7,5.8
30000079190,Evening Run,2026-08-04,6626.8,2044,2046,24.0,,,1,1006.1,302,5.00,5.003,4.57,,-0.19,3.7,1.1
30000079190,Evening Run,2026-08-04,6626.8,2044,2046,24.0,,,2,997.1,322,5.22,5.382,5.19,,0.01,2.0,4.4
30000079190,Evening Run,2026-08-04,6626.8,2044,2046,24.0,,,3,1001.8,300,4.59,4.991,4.56,,-0.01,2.5,7.4
30000079190,Evening Run,2026-08-04,6626.8,2044,2046,24.0,,,4,996.2,316,5.17,5.287,5.14,,-0.96,0.5,3.3
30000079190,Evening Run,2026-08-04,6626.8,2044,2046,24.0,,,5,1002.1,308,5.07,5.123,5.04,,-0.83,1.2,6.6
30000079190,Evening Run,2026-08-04,6626.8,2044,2046,24.0,,,6,998.2,308,5.08,5.143,5.05,,0.08,7.6,1.9
30000079190,Evening Run,2026-08-04,6626.8,2044,2046,24.0,,,7,625.3,190,5.03,5.064,5.00,,-0.9,6.3,5.2
30000087109,Afternoon Run,2026-08-05,6205.1,2026,2028,24.0,,,1,1002.2,320,5.19,5.322,5.16,,-0.35,6.7,0.3
30000087109,Afternoon Run,2026-08-05,6205.1,2026,2028,24.0,,,2,997.9,338,5.38,5.645,5.35,,0.27,2.3,4.5
30000087109,Afternoon Run,2026-08-05,6205.1,2026,2028,24.0,,,3,1005.1,326,5.24,5.406,5.21,,-0.94,0.4,5.7
30000087109,Afternoon Run,2026-08-05,6205.1,2026,2028,24.0,,,4,1001.1,326,5.25,5.427,5.22,,-0.43,1.1,0.5
30000087109,Afternoon Run,2026-08-05,6205.1,2026,2028,24.0,,,5,996.5,336,5.37,5.62,5.33,,0.26,4.2,7.5
30000087109,Afternoon Run,2026-08-05,6205.1,2026,2028,24.0,,,6,998.3,314,5.14,5.242,5.11,,0.12,1.9,6.0
30000087109,Afternoon Run,2026-08-05,6205.1,2026,2028,24.0,,,7,204.0,68,5.33,5.556,5.30,,0.45,3.3,6.0
30000095028,Evening Run,2026-08-08,4288.4,1384,1386,14.7,,,1,1001.4,316,5.15,5.259,5.12,,0.09,0.4,1.2
30000095028,Evening Run,2026-08-08,4288.4,1384,1386,14.7,,,2,1002.4,338,5.37,5.62,5.33,,0.67,6.7,4.6
30000095028,Evening Run,2026-08-08,4288.4,1384,1386,14.7,,,3,999.2,320,5.20,5.338,5.17,,0.73,2.2,2.0
30000095028,Evening Run,2026-08-08,4288.4,1384,1386,14.7,,,4,998.8,324,5.24,5.406,5.21,,0.11,2.0,5.1
30000095028,Evening Run,2026-08-08,4288.4,1384,1386,14.7,,,5,286.6,88,5.07,5.117,5.03,,0.22,6.0,0.5
30000102947,Afternoon Run,2026-08-11,7153.7,2408,2410,24.0,,,1,1005.4,330,5.28,5.47,5.24,,0.83,0.3,1.9
30000102947,Afternoon Run,2026-08-11,7153.7,2408,2410,24.0,,,2,1000.4,346,5.45,5.764,5.42,,0.04,4.2,3.6
30000102947,Afternoon Run,2026-08-11,7153.7,2408,2410,24.0,,,3,996.5,336,5.37,5.62,5.33,,-0.03,1.6,2.4
30000102947,Afternoon Run,2026-08-11,7153.7,2408,2410,24.0,,,4,1000.8,330,5.29,5.496,5.26,,-0.73,4.4,7.1
30000102947,Afternoon Run,2026-08-11,7153.7,2408,2410,24.0,,,5,999.7,350,5.50,5.835,5.46,,0.11,1.1,0.4
30000102947,Afternoon Run,2026-08-11,7153.7,2408,2410,24.0,,,6,1001.5,324,5.23,5.392,5.20,,0.05,5.8,0.4
30000102947,Afternoon Run,2026-08-11,7153.7,2408,2410,24.0,,,7,995.7,346,5.47,5.792,5.44,,0.48,5.3,3.6
30000102947,Afternoon Run,2026-08-11,7153.7,2408,2410,24.0,,,8,153.7,48,5.12,5.205,5.09,,-0.24,0.4,2.9
30000110866,River Loop,2026-08-12,8588.0,2790,2792,29.7,,,1,1002.5,316,5.15,5.254,5.12,,0.56,4.9,3.4
30000110866,River Loop,2026-08-12,8588.0,2790,2792,29.7,,,2,1001.7,336,5.35,5.59,5.32,,0.04,2.1,3.2
30000110866,River Loop,2026-08-12,8588.0,2790,2792,29.7,,,3,1001.0,318,5.17,5.295,5.14,,0.87,3.1,1.0
30000110866,River Loop,2026-08-12,8588.0,2790,2792,29.7,,,4,996.7,324,5.25,5.418,5.21,,-0.57,2.7,2.3
30000110866,River Loop,2026-08-12,8588.0,2790,2792,29.7,,,5,1001.0,332,5.31,5.528,5.28,,-0.64,0.9,5.1
30000110866,River Loop,2026-08-12,8588.0,2790,2792,29.7,,,6,998.0,312,5.12,5.21,5.09,,-0.37,7.4,0.1
30000110866,River Loop,2026-08-12,8588.0,2790,2792,29.7,,,7,1003.8,340,5.38,5.645,5.35,,-0.28,7.5,3.4
30000110866,River Loop,2026-08-12,8588.0,2790,2792,29.7,,,8,998.9,310,5.10,5.172,5.07,,0.15,1.2,1.4
30000110866,River Loop,2026-08-12,8588.0,2790,2792,29.7,,,9,584.4,204,5.49,5.818,5.45,,-0.2,6.1,3.6
30000118785,Morning Run,2026-08-14,4519.7,1546,1548,17.4,,,1,1003.6,334,5.32,5.547,5.29,,-0.59,7.3,5.8
30000118785,Morning Run,2026-08-14,4519.7,1546,1548,17.4,,,2,998.1,352,5.52,5.878,5.49,,-0.25,3.5,6.2
30000118785,Morning Run,2026-08-14,4519.7,1546,1548,17.4,,,3,1003.4,346,5.44,5.747,5.41,,-0.59,4.0,1.7
30000118785,Morning Run,2026-08-14,4519.7,1546,1548,17.4,,,4,1000.6,334,5.33,5.563,5.30,,-0.44,0.7,4.7
30000118785,Morning Run,2026-08-14,4519.7,1546,1548,17.4,,,5,514.0,182,5.54,5.901,5.50,,0.46,2.5,6.0
30000126704,Evening Run,2026-08-15,4090.1,1290,1292,12.6,,,1,1005.4,308,5.06,5.106,5.03,,-0.29,2.4,7.9
30000126704,Evening Run,2026-08-15,4090.1,1290,1292,12.6,,,2,995.5,328,5.29,5.491,5.26,,0.18,6.8,4.9
30000126704,Evening Run,2026-08-15,4090.1,1290,1292,12.6,,,3,999.6,308,5.08,5.135,5.05,,0.6,4.5,4.6
30000126704,Evening Run,2026-08-15,4090.1,1290,1292,12.6,,,4,1000.8,322,5.21,5.362,5.18,,-0.35,2.7,3.1
30000126704,Evening Run,2026-08-15,4090.1,1290,1292,12.6,,,5,88.8,26,4.52,4.88,4.49,,0.46,3.5,2.4
30000134623,Afternoon Run,2026-08-16,6241.5,2018,2020,24.0,,,1,1002.5,316,5.15,5.254,5.12,,-0.65,4.9,7.9
30000134623,Afternoon Run,2026-08-16,6241.5,2018,2020,24.0,,,2,998.5,336,5.36,5.608,5.33,,0.1,7.6,2.7
30000134623,Afternoon Run,2026-08-16,6241.5,2018,2020,24.0,,,3,1002.6,320,5.19,5.32,5.15,,-0.18,0.1,6.6
30000134623,Afternoon Run,2026-08-16,6241.5,2018,2020,24.0,,,4,1001.1,326,5.25,5.427,5.22,,-0.05,7.3,7.7
30000134623,Afternoon Run,2026-08-16,6241.5,2018,2020,24.0,,,5,995.6,330,5.31,5.524,5.28,,-0.69,5.8,5.0
30000134623,Afternoon Run,2026-08-16,6241.5,2018,2020,24.0,,,6,1002.4,314,5.13,5.221,5.10,,0.12,3.7,0.4
30000134623,Afternoon Run,2026-08-16,6241.5,2018,2020,24.0,,,7,238.8,78,5.26,5.444,5.23,,0.2,2.5,4.5
30000142542,Morning Run,2026-08-21,8631.1,2626,2628,30.1,,,1,1001.5,296,4.55,4.926,4.52,,-0.17,1.2,6.8
30000142542,Morning Run,2026-08-21,8631.1,2626,2628,30.1,,,2,1001.2,318,5.17,5.294,5.14,,-0.35,3.1,7.2
30000142542,Morning Run,2026-08-21,8631.1,2626,2628,30.1,,,3,999.9,294,4.54,4.9,4.51,,-0.37,1.1,0.2
30000142542,Morning Run,2026-08-21,8631.1,2626,2628,30.1,,,4,998.4,314,5.14,5.242,5.11,,-0.18,6.5,1.8
30000142542,Morning Run,2026-08-21,8631.1,2626,2628,30.1,,,5,1001.8,300,4.59,4.991,4.56,,-0.17,0.0,4.7
30000142542,Morning Run,2026-08-21,8631.1,2626,2628,30.1,,,6,1004.3,310,5.08,5.145,5.05,,-0.55,7.2,2.5
30000142542,Morning Run,2026-08-21,8631.1,2626,2628,30.1,,,7,993.9,304,5.05,5.098,5.02,,-0.87,1.1,0.5
30000142542,Morning Run,2026-08-21,8631.1,2626,2628,30.1,,,8,1001.2,302,5.01,5.027,4.58,,0.12,2.8,1.8
30000142542,Morning Run,2026-08-21,8631.1,2626,2628,30.1,,,9,628.9,190,5.02,5.035,4.59,,0.2,2.7,0.1
30000150461,Morning Run,2026-08-23,7090.5,2354,2356,24.0,,,1,1003.6,322,5.20,5.347,5.17,,0.7,4.8,4.2
30000150461,Morning Run,2026-08-23,7090.5,2354,2356,24.0,,,2,998.1,342,5.42,5.711,5.39,,0.05,5.4,2.7
30000150461,Morning Run,2026-08-23,7090.5,2354,2356,24.0,,,3,1001.5,330,5.29,5.492,5.26,,-0.04,2.6,0.7
30000150461,Morning Run,2026-08-23,7090.5,2354,2356,24.0,,,4,998.7,328,5.28,5.474,5.25,,0.42,1.0,3.1
30000150461,Morning Run,2026-08-23,7090.5,2354,2356,24.0,,,5,1003.6,344,5.42,5.713,5.39,,-0.64,7.3,3.5
30000150461,Morning Run,2026-08-23,7090.5,2354,2356,24.0,,,6,996.1,316,5.17,5.287,5.14,,-0.7,5.0,1.6
30000150461,Morning Run,2026-08-23,7090.5,2354,2356,24.0,,,7,999.4,346,5.46,5.77,5.42,,0.3,7.7,1.0
30000150461,Morning Run,2026-08-23,7090.5,2354,2356,24.0,,,8,89.5,28,5.12,5.214,5.09,,0.94,6.3,7.9
30000158380,Morning Run,2026-08-30,5803.2,1814,1816,24.0,,,1,1001.2,304,5.03,5.061,5.00,,-0.65,2.8,6.7
30000158380,Morning Run,2026-08-30,5803.2,1814,1816,24.0,,,2,1001.9,326,5.25,5.423,5.22,,0.64,8.0,7.9
30000158380,Morning Run,2026-08-30,5803.2,1814,1816,24.0,,,3,1001.7,304,5.03,5.058,5.00,,0.42,3.2,6.5
30000158380,Morning Run,2026-08-30,5803.2,1814,1816,24.0,,,4,998.2,318,5.18,5.31,5.15,,-0.17,3.9,7.2
30000158380,Morning Run,2026-08-30,5803.2,1814,1816,24.0,,,5,998.3,312,5.12,5.209,5.09,,-0.07,7.7,3.0
30000158380,Morning Run,2026-08-30,5803.2,1814,1816,24.0,,,6,801.9,252,5.14,5.238,5.11,,0.02,0.5,7.3
30000166299,River Loop,2026-08-31,6436.0,2114,2116,24.0,,,1,1001.0,320,5.19,5.328,5.16,,0.84,5.7,2.2
30000166299,River Loop,2026-08-31,6436.0,2114,2116,24.0,,,2,1001.8,340,5.39,5.656,5.35,,0.42,1.5,5.4
30000166299,River Loop,2026-08-31,6436.0,2114,2116,24.0,,,3,997.7,324,5.24,5.412,5.21,,-1.04,7.7,2.8
30000166299,River Loop,2026-08-31,6436.0,2114,2116,24.0,,,4,1002.5,328,5.27,5.453,5.23,,0.07,5.3,6.8
30000166299,River Loop,2026-08-31,6436.0,2114,2116,24.0,,,5,997.7,338,5.38,5.646,5.35,,-0.19,3.8,6.1
30000166299,River Loop,2026-08-31,6436.0,2114,2116,24.0,,,6,1001.2,316,5.15,5.26,5.12,,-0.51,6.7,6.3
30000166299,River Loop,2026-08-31,6436.0,2114,2116,24.0,,,7,434.1,150,5.45,5.759,5.42,,0.96,5.4,4.7
30000174218,Evening Run,2026-09-01,6553.8,1958,1960,24.0,145.6,154,1,1000.8,292,4.51,4.863,4.48,132.6,-0.45,3.5,4.8
30000174218,Evening Run,2026-09-01,6553.8,1958,1960,24.0,145.6,154,2,1000.7,312,5.11,5.196,5.08,146.1,0.06,7.3,0.4
30000174218,Evening Run,2026-09-01,6553.8,1958,1960,24.0,145.6,154,3,1001.2,288,4.47,4.794,4.44,147.0,0.8,7.6,2.8
30000174218,Evening Run,2026-09-01,6553.8,1958,1960,24.0,145.6,154,4,997.7,310,5.10,5.179,5.07,147.7,-0.32,6.7,3.2
30000174218,Evening Run,2026-09-01,6553.8,1958,1960,24.0,145.6,154,5,1004.3,294,4.52,4.879,4.49,148.6,-0.01,1.5,0.3
30000174218,Evening Run,2026-09-01,6553.8,1958,1960,24.0,145.6,154,6,1001.9,308,5.07,5.124,5.04,149.3,0.02,3.8,5.1
30000174218,Evening Run,2026-09-01,6553.8,1958,1960,24.0,145.6,154,7,547.2,156,4.45,4.751,4.42,149.4,-0.44,1.4,2.2
30000182137,Morning Run,2026-09-02,5013.5,1546,1548,22.2,144.5,154,1,1004.1,302,5.00,5.013,4.57,132.7,0.24,1.8,6.0
30000182137,Morning Run,2026-09-02,5013.5,1546,1548,22.2,144.5,154,2,1001.3,322,5.21,5.36,5.18,146.3,0.41,1.5,5.0
30000182137,Morning Run,2026-09-02,5013.5,1546,1548,22.2,144.5,154,3,998.2,298,4.58,4.976,4.55,147.0,-0.0,7.7,0.6
30000182137,Morning Run,2026-09-02,5013.5,1546,1548,22.2,144.5,154,4,1002.5,318,5.17,5.287,5.14,147.7,0.05,1.3,6.1
30000182137,Morning Run,2026-09-02,5013.5,1546,1548,22.2,144.5,154,5,995.7,304,5.05,5.089,5.02,148.4,-0.08,3.6,1.9
30000182137,Morning Run,2026-09-02,5013.5,1546,1548,22.2,144.5,154,6,11.7,4,5.41,5.698,5.38,151.3,0.66,0.4,3.9
30000190056,River Loop,2026-09-03,5039.2,1572,1574,22.3,144.5,154,1,1001.9,304,5.03,5.057,5.00,133.4,-0.19,5.7,0.7
30000190056,River Loop,2026-09-03,5039.2,1572,1574,22.3,144.5,154,2,1000.2,324,5.23,5.399,5.20,146.1,0.45,7.0,7.7
30000190056,River Loop,2026-09-03,5039.2,1572,1574,22.3,144.5,154,3,998.7,302,5.02,5.04,4.59,146.6,0.4,2.3,0.6
30000190056,River Loop,2026-09-03,5039.2,1572,1574,22.3,144.5,154,4,1000.7,320,5.19,5.33,5.16,147.6,0.07,1.3,2.5
30000190056,River Loop,2026-09-03,5039.2,1572,1574,22.3,144.5,154,5,1002.2,312,5.11,5.189,5.08,148.6,0.45,5.9,5.3
30000190056,River Loop,2026-09-03,5039.2,1572,1574,22.3,144.5,154,6,35.5,12,5.38,5.634,5.34,148.4,-0.61,0.5,3.6
30000197975,Afternoon Run,2026-09-04,5587.4,1754,1756,24.0,145.0,154,1,1003.9,304,5.02,5.047,4.59,133.2,0.4,7.7,6.9
30000197975,Afternoon Run,2026-09-04,5587.4,1754,1756,24.0,145.0,154,2,1001.4,328,5.27,5.459,5.24,146.3,0.39,2.3,1.7
30000197975,Afternoon Run,2026-09-04,5587.4,1754,1756,24.0,145.0,154,3,1000.2,304,5.03,5.066,5.00,146.5,-0.86,5.6,1.6
30000197975,Afternoon Run,2026-09-04,5587.4,1754,1756,24.0,145.0,154,4,996.0,318,5.19,5.321,5.16,148.0,0.25,7.1,0.4
30000197975,Afternoon Run,2026-09-04,5587.4,1754,1756,24.0,145.0,154,5,1002.1,314,5.13,5.222,5.10,148.5,-0.32,3.1,1.2
30000197975,Afternoon Run,2026-09-04,5587.4,1754,1756,24.0,145.0,154,6,583.8,188,5.22,5.367,5.18,148.7,-0.46,3.4,6.4
30000205894,Morning Run,2026-09-05,5707.0,1866,1868,24.0,145.2,155,1,1002.6,318,5.17,5.286,5.14,133.6,-0.51,4.8,5.9
30000205894,Morning Run,2026-09-05,5707.0,1866,1868,24.0,145.2,155,2,1002.3,340,5.39,5.654,5.35,145.9,0.6,2.1,6.7
30000205894,Morning Run,2026-09-05,5707.0,1866,1868,24.0,145.2,155,3,999.6,322,5.22,5.369,5.18,147.0,-0.26,1.3,3.7
30000205894,Morning Run,2026-09-05,5707.0,1866,1868,24.0,145.2,155,4,996.9,326,5.27,5.45,5.23,147.9,-0.12,0.8,7.5
30000205894,Morning Run,2026-09-05,5707.0,1866,1868,24.0,145.2,155,5,999.9,338,5.38,5.634,5.34,148.7,0.6,1.5,0.7
30000205894,Morning Run,2026-09-05,5707.0,1866,1868,24.0,145.2,155,6,705.7,224,5.17,5.29,5.14,149.2,-1.23,2.0,2.0
30000213813,Evening Run,2026-09-07,5541.0,1838,1840,24.0,145.3,154,1,1001.4,324,5.23,5.392,5.20,134.0,0.29,2.2,2.0
30000213813,Evening Run,2026-09-07,5541.0,1838,1840,24.0,145.3,154,2,1001.5,344,5.43,5.725,5.40,146.3,0.12,7.6,2.6
30000213813,Evening Run,2026-09-07,5541.0,1838,1840,24.0,145.3,154,3,1000.6,330,5.29,5.497,5.26,147.1,-0.84,6.6,5.8
30000213813,Evening Run,2026-09-07,5541.0,1838,1840,24.0,145.3,154,4,999.5,328,5.28,5.469,5.24,148.0,-0.66,2.9,6.2
30000213813,Evening Run,2026-09-07,5541.0,1838,1840,24.0,145.3,154,5,999.1,342,5.42,5.705,5.38,148.7,0.38,3.7,1.8
30000213813,Evening Run,2026-09-07,5541.0,1838,1840,24.0,145.3,154,6,538.9,172,5.19,5.319,5.15,149.5,0.27,6.5,6.4
30000221732,Morning Run,2026-09-08,8981.2,2830,2832,34.1,147.2,157,1,1002.0,304,5.03,5.057,5.00,132.9,-0.58,3.2,2.0
30000221732,Morning Run,2026-09-08,8981.2,2830,2832,34.1,147.2,157,2,999.9,328,5.28,5.467,5.24,146.1,-0.67,5.8,2.1
30000221732,Morning Run,2026-09-08,8981.2,2830,2832,34.1,147.2,157,3,1000.5,306,5.05,5.097,5.02,147.0,-0.54,1.7,7.3
30000221732,Morning Run,2026-09-08,8981.2,2830,2832,34.1,147.2,157,4,999.9,320,5.20,5.334,5.16,148.0,-0.02,5.6,7.0
30000221732,Morning Run,2026-09-08,8981.2,2830,2832,34.1,147.2,157,5,1002.4,316,5.15,5.254,5.12,148.1,-0.09,5.8,6.9
30000221732,Morning Run,2026-09-08,8981.2,2830,2832,34.1,147.2,157,6,997.1,310,5.10,5.182,5.07,149.3,-0.79,4.0,1.3
30000221732,Morning Run,2026-09-08,8981.2,2830,2832,34.1,147.2,157,7,1003.0,326,5.25,5.417,5.21,150.1,-0.22,2.5,2.4
30000221732,Morning Run,2026-09-08,8981.2,2830,2832,34.1,147.2,157,8,995.5,300,5.01,5.023,4.58,150.7,-0.19,5.9,0.4
30000221732,Morning Run,2026-09-08,8981.2,2830,2832,34.1,147.2,157,9,980.9,322,5.28,5.471,5.24,151.7,-0.45,4.6,7.6
30000229651,Morning Run,2026-09-09,5503.6,1718,1720,24.0,145.0,155,1,1000.3,302,5.01,5.032,4.58,133.2,-0.11,0.9,1.2
30000229651,Morning Run,2026-09-09,5503.6,1718,1720,24.0,145.0,155,2,1006.5,326,5.23,5.398,5.20,146.4,-0.73,7.3,0.0
30000229651,Morning Run,2026-09-09,5503.6,1718,1720,24.0,145.0,155,3,998.9,302,5.02,5.039,4.59,147.0,0.73,0.6,5.2
30000229651,Morning Run,2026-09-09,5503.6,1718,1720,24.0,145.0,155,4,998.1,318,5.18,5.31,5.15,147.8,-0.11,0.4,4.3
30000229651,Morning Run,2026-09-09,5503.6,1718,1720,24.0,145.0,155,5,998.4,310,5.10,5.175,5.07,148.3,0.29,2.9,3.8
30000229651,Morning Run,2026-09-09,5503.6,1718,1720,24.0,145.0,155,6,501.4,162,5.23,5.385,5.19,149.2,-0.2,5.4,1.8
30000237570,Morning Run,2026-09-10,9660.6,3084,3086,39.6,147.6,159,1,1003.6,312,5.10,5.181,5.07,133.3,-0.06,3.9,4.8
30000237570,Morning Run,2026-09-10,9660.6,3084,3086,39.6,147.6,159,2,997.7,332,5.32,5.546,5.29,146.4,-0.4,0.7,7.8
30000237570,Morning Run,2026-09-10,9660.6,3084,3086,39.6,147.6,159,3,1003.3,314,5.12,5.216,5.09,147.1,0.35,5.7,4.7
30000237570,Morning Run,2026-09-10,9660.6,3084,3086,39.6,147.6,159,4,995.9,322,5.23,5.389,5.20,147.7,-0.77,5.0,5.9
30000237570,Morning Run,2026-09-10,9660.6,3084,3086,39.6,147.6,159,5,1004.7,326,5.24,5.408,5.21,148.5,0.57,4.3,6.8
30000237570,Morning Run,2026-09-10,9660.6,3084,3086,39.6,147.6,159,6,1001.0,310,5.09,5.162,5.06,149.4,-0.22,2.5,1.7
30000237570,Morning Run,2026-09-10,9660.6,3084,3086,39.6,147.6,159,7,997.2,332,5.32,5.549,5.29,150.3,0.05,2.5,1.7
30000237570,Morning Run,2026-09-10,9660.6,3084,3086,39.6,147.6,159,8,999.4,306,5.06,5.103,5.03,151.0,0.01,2.1,1.7
30000237570,Morning Run,2026-09-10,9660.6,3084,3086,39.6,147.6,159,9,1003.0,334,5.33,5.55,5.29,151.7,-0.08,1.4,6.3
30000237570,Morning Run,2026-09-10,9660.6,3084,3086,39.6,147.6,159,10,654.8,198,5.02,5.04,4.59,152.6,0.92,6.8,0.0
30000245489,Evening Run,2026-09-14,3381.0,1138,1140,8.1,143.2,153,1,1002.0,326,5.25,5.422,5.22,134.3,-0.02,2.4,0.6
30000245489,Evening Run,2026-09-14,3381.0,1138,1140,8.1,143.2,153,2,999.8,346,5.46,5.768,5.42,146.3,-0.31,3.4,3.3
30000245489,Evening Run,2026-09-14,3381.0,1138,1140,8.1,143.2,153,3,999.1,334,5.34,5.572,5.30,146.9,-0.63,0.2,5.2
30000245489,Evening Run,2026-09-14,3381.0,1138,1140,8.1,143.2,153,4,380.1,134,5.52,5.876,5.49,147.6,0.34,4.6,2.1
30000253408,Evening Run,2026-09-16,8310.1,2644,2646,26.9,146.9,156,1,1000.6,308,5.07,5.13,5.04,133.0,-0.85,7.3,7.8
30000253408,Evening Run,2026-09-16,8310.1,2644,2646,26.9,146.9,156,2,1004.1,332,5.30,5.511,5.27,146.3,0.58,7.5,6.2
30000253408,Evening Run,2026-09-16,8310.1,2644,2646,26.9,146.9,156,3,997.5,310,5.10,5.18,5.07,146.9,1.14,2.8,3.4
30000253408,Evening Run,2026-09-16,8310.1,2644,2646,26.9,146.9,156,4,1000.8,324,5.23,5.396,5.20,147.9,-0.22,3.3,2.9
30000253408,Evening Run,2026-09-16,8310.1,2644,2646,26.9,146.9,156,5,1000.0,322,5.22,5.367,5.18,148.5,0.54,5.3,5.4
30000253408,Evening Run,2026-09-16,8310.1,2644,2646,26.9,146.9,156,6,997.3,310,5.10,5.181,5.07,149.5,-0.05,0.9,3.3
30000253408,Evening Run,2026-09-16,8310.1,2644,2646,26.9,146.9,156,7,1003.3,332,5.30,5.515,5.27,150.3,0.0,2.9,6.7
30000253408,Evening Run,2026-09-16,8310.1,2644,2646,26.9,146.9,156,8,999.8,306,5.06,5.101,5.03,150.8,-0.54,6.2,3.3
30000253408,Evening Run,2026-09-16,8310.1,2644,2646,26.9,146.9,156,9,306.7,102,5.32,5.543,5.29,151.6,0.41,2.2,2.7
30000261327,River Loop,2026-09-17,6678.4,2214,2216,24.0,145.9,155,1,1003.5,322,5.20,5.348,5.17,133.4,0.43,2.0,1.9
30000261327,River Loop,2026-09-17,6678.4,2214,2216,24.0,145.9,155,2,997.2,340,5.40,5.683,5.37,146.6,0.11,4.4,5.2
30000261327,River Loop,2026-09-17,6678.4,2214,2216,24.0,145.9,155,3,1004.4,328,5.26,5.443,5.23,146.9,-0.11,3.5,7.1
30000261327,River Loop,2026-09-17,6678.4,2214,2216,24.0,145.9,155,4,1000.2,328,5.27,5.466,5.24,147.6,-0.22,0.6,6.1
30000261327,River Loop,2026-09-17,6678.4,2214,2216,24.0,145.9,155,5,997.5,342,5.42,5.714,5.39,148.5,0.44,7.0,0.4
30000261327,River Loop,2026-09-17,6678.4,2214,2216,24.0,145.9,155,6,997.3,316,5.16,5.281,5.13,149.1,-0.39,3.2,6.9
30000261327,River Loop,2026-09-17,6678.4,2214,2216,24.0,145.9,155,7,678.3,240,5.53,5.897,5.50,150.2,0.63,7.6,2.9
