activity_id,activity_name,run_date,session_distance_m,session_moving_time_s,session_elapsed_time_s,session_elev_gain_m,session_avg_hr,session_max_hr,mile,distance_m,elapsed_time_s,pace,pace_min_mile,grade_adj_pace,avg_hr,avg_grade_pct,elev_gain_m,elev_loss_m
30000000000,Evening Run,2026-07-21,8643.3,2894,2896,30.3,,,1,1613.0,544,9.02,9.046,8.57,,-0.39,4.4,2.3
30000000000,Evening Run,2026-07-21,8643.3,2894,2896,30.3,,,2,1609.8,538,8.57,8.964,8.52,,-0.68,2.4,1.3
30000000000,Evening Run,2026-07-21,8643.3,2894,2896,30.3,,,3,1610.1,538,8.57,8.962,8.52,,-0.2,1.4,2.9
30000000000,Evening Run,2026-07-21,8643.3,2894,2896,30.3,,,4,1605.9,536,8.57,8.952,8.51,,-0.75,1.8,7.9
30000000000,Evening Run,2026-07-21,8643.3,2894,2896,30.3,,,5,1608.9,536,8.56,8.936,8.50,,0.1,4.0,2.9
30000000000,Evening Run,2026-07-21,8643.3,2894,2896,30.3,,,6,595.6,204,9.11,9.187,9.05,,-0.35,4.6,3.7
30000007919,Evening Run,2026-07-22,7768.4,2352,2354,24.0,,,1,1612.0,490,8.09,8.153,8.04,,-0.03,1.9,6.8
30000007919,Evening Run,2026-07-22,7768.4,2352,2354,24.0,,,2,1609.2,482,8.02,8.034,7.57,,0.15,3.3,7.2
30000007919,Evening Run,2026-07-22,7768.4,2352,2354,24.0,,,3,1613.2,484,8.02,8.047,7.58,,-0.8,4.6,4.0
30000007919,Evening Run,2026-07-22,7768.4,2352,2354,24.0,,,4,1603.5,486,8.07,8.13,8.02,,0.21,5.1,3.2
30000007919,Evening Run,2026-07-22,7768.4,2352,2354,24.0,,,5,1330.5,412,8.18,8.306,8.13,,-0.15,5.3,1.0
30000015838,Afternoon Run,2026-07-23,6701.6,2294,2296,24.0,,,1,1610.8,554,9.13,9.225,9.07,,-0.39,1.0,4.7
30000015838,Afternoon Run,2026-07-23,6701.6,2294,2296,24.0,,,2,1612.0,552,9.11,9.185,9.05,,0.4,7.1,1.2
30000015838,Afternoon Run,2026-07-23,6701.6,2294,2296,24.0,,,3,1610.2,552,9.11,9.195,9.06,,0.45,1.3,7.4
30000015838,Afternoon Run,2026-07-23,6701.6,2294,2296,24.0,,,4,1606.5,548,9.08,9.15,9.03,,-0.51,7.8,5.1
30000015838,Afternoon Run,2026-07-23,6701.6,2294,2296,24.0,,,5,262.1,90,9.12,9.21,9.07,,-0.05,7.0,5.8
30000023757,Afternoon Run,2026-07-27,3428.0,1126,1128,8.1,,,1,1612.8,532,8.50,8.848,8.45,,-0.15,1.7,4.2
30000023757,Afternoon Run,2026-07-27,3428.0,1126,1128,8.1,,,2,1608.2,526,8.46,8.773,8.41,,0.29,3.1,1.5
30000023757,Afternoon Run,2026-07-27,3428.0,1126,1128,8.1,,,3,207.0,70,9.04,9.07,8.58,,0.22,5.3,4.6
30000031676,Evening Run,2026-07-28,7494.6,2386,2388,24.0,,,1,1611.5,516,8.35,8.588,8.30,,0.37,7.7,1.7
30000031676,Evening Run,2026-07-28,7494.6,2386,2388,24.0,,,2,1612.3,512,8.31,8.518,8.25,,-0.01,2.8,2.1
30000031676,Evening Run,2026-07-28,7494.6,2386,2388,24.0,,,3,1606.5,508,8.28,8.482,8.23,,-0.36,5.4,2.2
30000031676,Evening Run,2026-07-28,7494.6,2386,2388,24.0,,,4,1611.6,510,8.29,8.488,8.24,,0.42,3.9,4.2
30000031676,Evening Run,2026-07-28,7494.6,2386,2388,24.0,,,5,1052.7,342,8.42,8.714,8.37,,0.18,1.0,5.7
30000039595,Afternoon Run,2026-07-29,6238.0,2086,2088,24.0,,,1,1611.3,544,9.03,9.056,8.57,,0.13,0.8,4.9
30000039595,Afternoon Run,2026-07-29,6238.0,2086,2088,24.0,,,2,1608.9,540,9.00,9.002,8.54,,-0.2,6.3,7.6
30000039595,Afternoon Run,2026-07-29,6238.0,2086,2088,24.0,,,3,1607.9,538,8.58,8.975,8.53,,0.07,0.8,5.0
30000039595,Afternoon Run,2026-07-29,6238.0,2086,2088,24.0,,,4,1409.9,466,8.51,8.865,8.46,,-0.13,7.0,7.3
30000047514,Evening Run,2026-07-30,8579.0,2746,2748,29.6,,,1,1613.9,520,8.38,8.642,8.33,,-0.2,1.0,6.0
30000047514,Evening Run,2026-07-30,8579.0,2746,2748,29.6,,,2,1609.1,512,8.32,8.535,8.26,,-0.86,7.7,7.2
30000047514,Evening Run,2026-07-30,8579.0,2746,2748,29.6,,,3,1609.8,510,8.29,8.498,8.24,,0.29,1.4,4.4
30000047514,Evening Run,2026-07-30,8579.0,2746,2748,29.6,,,4,1606.2,510,8.30,8.517,8.25,,0.61,6.4,1.0
30000047514,Evening Run,2026-07-30,8579.0,2746,2748,29.6,,,5,1608.8,514,8.34,8.57,8.29,,0.23,1.3,4.5
30000047514,Evening Run,2026-07-30,8579.0,2746,2748,29.6,,,6,531.2,182,9.11,9.19,9.05,,0.25,6.8,0.3
30000055433,Morning Run,2026-07-31,6591.9,2262,2264,24.0,,,1,1612.0,556,9.15,9.251,9.09,,0.76,4.0,0.4
30000055433,Morning Run,2026-07-31,6591.9,2262,2264,24.0,,,2,1610.1,552,9.11,9.196,9.06,,0.41,2.4,7.9
30000055433,Morning Run,2026-07-31,6591.9,2262,2264,24.0,,,3,1606.2,550,9.11,9.185,9.05,,-0.72,7.3,6.7
30000055433,Morning Run,2026-07-31,6591.9,2262,2264,24.0,,,4,1610.7,552,9.11,9.192,9.06,,0.03,7.5,0.8
30000055433,Morning Run,2026-07-31,6591.9,2262,2264,24.0,,,5,152.9,54,9.28,9.473,9.22,,0.15,1.1,7.9
30000063352,River Loop,2026-08-01,4339.0,1330,1332,15.3,,,1,1614.0,500,8.18,8.309,8.13,,-0.31,6.5,4.9
30000063352,River Loop,2026-08-01,4339.0,1330,1332,15.3,,,2,1609.2,492,8.12,8.201,8.07,,0.46,2.6,2.1
30000063352,River Loop,2026-08-01,4339.0,1330,1332,15.3,,,3,1115.8,340,8.10,8.173,8.05,,0.46,1.4,3.7
30000071271,River Loop,2026-08-02,3932.2,1340,1342,11.1,,,1,1610.5,558,9.17,9.293,9.12,,0.02,5.1,7.2
30000071271,River Loop,2026-08-02,3932.2,1340,1342,11.1,,,2,1610.8,552,9.11,9.192,9.05,,0.95,1.5,6.0
30000071271,River Loop,2026-08-02,3932.2,1340,1342,11.1,,,3,710.9,232,8.45,8.753,8.39,,0.11,5.6,1.4
30000079190,Evening Run,2026-08-04,6626.8,2044,2046,24.0,,,1,1610.1,502,8.21,8.363,8.16,,-0.25,6.7,0.6
30000079190,Evening Run,2026-08-04,6626.8,2044,2046,24.0,,,2,1611.1,494,8.13,8.224,8.08,,0.21,7.7,2.2
30000079190,Evening Run,2026-08-04,6626.8,2044,2046,24.0,,,3,1609.0,494,8.14,8.235,8.09,,0.2,5.9,7.6
30000079190,Evening Run,2026-08-04,6626.8,2044,2046,24.0,,,4,1607.9,496,8.16,8.274,8.11,,-0.16,1.2,3.5
30000079190,Evening Run,2026-08-04,6626.8,2044,2046,24.0,,,5,188.7,60,8.31,8.529,8.26,,-0.4,0.1,0.9
30000087109,Afternoon Run,2026-08-05,6205.1,2026,2028,24.0,,,1,1612.3,534,8.53,8.884,8.47,,-0.08,3.9,4.4
30000087109,Afternoon Run,2026-08-05,6205.1,2026,2028,24.0,,,2,1608.6,526,8.46,8.771,8.40,,-0.71,3.2,1.2
30000087109,Afternoon Run,2026-08-05,6205.1,2026,2028,24.0,,,3,1612.0,526,8.45,8.752,8.39,,-0.11,6.6,6.5
30000087109,Afternoon Run,2026-08-05,6205.1,2026,2028,24.0,,,4,1372.2,442,8.38,8.64,8.33,,-0.23,7.3,2.1
30000095028,Evening Run,2026-08-08,4288.4,1384,1386,14.7,,,1,1615.2,530,8.48,8.801,8.42,,-0.01,3.7,6.4
30000095028,Evening Run,2026-08-08,4288.4,1384,1386,14.7,,,2,1604.7,520,8.41,8.692,8.36,,0.01,5.4,3.2
30000095028,Evening Run,2026-08-08,4288.4,1384,1386,14.7,,,3,1068.5,336,8.26,8.435,8.21,,-0.49,4.2,7.7
30000102947,Afternoon Run,2026-08-11,7153.7,2408,2410,24.0,,,1,1612.6,548,9.06,9.115,9.01,,-0.64,4.5,5.7
30000102947,Afternoon Run,2026-08-11,7153.7,2408,2410,24.0,,,2,1606.5,542,9.02,9.049,8.57,,0.13,1.5,0.1
30000102947,Afternoon Run,2026-08-11,7153.7,2408,2410,24.0,,,3,1611.8,542,9.01,9.02,8.55,,-0.39,8.0,7.9
30000102947,Afternoon Run,2026-08-11,7153.7,2408,2410,24.0,,,4,1608.4,542,9.02,9.039,8.56,,-0.26,6.0,5.6
30000102947,Afternoon Run,2026-08-11,7153.7,2408,2410,24.0,,,5,714.4,236,8.51,8.861,8.46,,-0.15,5.0,5.0
30000110866,River Loop,2026-08-12,8588.0,2790,2792,29.7,,,1,1614.5,528,8.46,8.772,8.41,,0.56,5.3,2.5
30000110866,River Loop,2026-08-12,8588.0,2790,2792,29.7,,,2,1606.1,518,8.39,8.651,8.33,,-0.13,1.1,2.5
30000110866,River Loop,2026-08-12,8588.0,2790,2792,29.7,,,3,1611.5,520,8.39,8.655,8.34,,0.11,0.6,2.2
30000110866,River Loop,2026-08-12,8588.0,2790,2792,29.7,,,4,1608.7,518,8.38,8.637,8.33,,0.05,7.9,0.7
30000110866,River Loop,2026-08-12,8588.0,2790,2792,29.7,,,5,1609.6,520,8.39,8.665,8.34,,0.83,6.5,2.0
30000110866,River Loop,2026-08-12,8588.0,2790,2792,29.7,,,6,537.6,188,9.22,9.38,9.17,,-0.52,6.4,5.1
30000118785,Morning Run,2026-08-14,4519.7,1546,1548,17.4,,,1,1614.5,558,9.16,9.27,9.10,,-0.21,5.6,0.8
30000118785,Morning Run,2026-08-14,4519.7,1546,1548,17.4,,,2,1605.2,552,9.13,9.224,9.07,,-0.52,4.4,0.4
30000118785,Morning Run,2026-08-14,4519.7,1546,1548,17.4,,,3,1300.0,438,9.02,9.037,8.56,,1.48,2.7,1.9
30000126704,Evening Run,2026-08-15,4090.1,1290,1292,12.6,,,1,1612.6,514,8.32,8.549,8.27,,-0.24,2.6,2.1
30000126704,Evening Run,2026-08-15,4090.1,1290,1292,12.6,,,2,1608.3,506,8.26,8.439,8.21,,0.92,6.0,2.5
30000126704,Evening Run,2026-08-15,4090.1,1290,1292,12.6,,,3,869.2,272,8.23,8.394,8.18,,-0.66,2.1,0.6
30000134623,Afternoon Run,2026-08-16,6241.5,2018,2020,24.0,,,1,1613.5,528,8.46,8.777,8.41,,-0.47,1.7,6.6
30000134623,Afternoon Run,2026-08-16,6241.5,2018,2020,24.0,,,2,1606.0,520,8.41,8.685,8.35,,0.24,3.0,5.0
30000134623,Afternoon Run,2026-08-16,6241.5,2018,2020,24.0,,,3,1613.0,522,8.40,8.68,8.35,,-0.46,4.3,0.2
30000134623,Afternoon Run,2026-08-16,6241.5,2018,2020,24.0,,,4,1409.0,450,8.33,8.566,8.28,,-0.69,5.8,7.7
30000142542,Morning Run,2026-08-21,8631.1,2626,2628,30.1,,,1,1612.8,494,8.12,8.216,8.08,,0.28,6.2,0.8
30000142542,Morning Run,2026-08-21,8631.1,2626,2628,30.1,,,2,1609.2,486,8.06,8.101,8.01,,0.19,5.1,2.4
30000142542,Morning Run,2026-08-21,8631.1,2626,2628,30.1,,,3,1608.8,486,8.06,8.103,8.01,,-0.08,6.8,3.9
30000142542,Morning Run,2026-08-21,8631.1,2626,2628,30.1,,,4,1612.2,492,8.11,8.185,8.06,,-0.14,4.7,5.1
30000142542,Morning Run,2026-08-21,8631.1,2626,2628,30.1,,,5,1608.4,494,8.14,8.238,8.09,,-0.05,1.0,5.5
30000142542,Morning Run,2026-08-21,8631.1,2626,2628,30.1,,,6,579.7,176,8.08,8.143,8.03,,0.68,2.0,1.1
30000150461,Morning Run,2026-08-23,7090.5,2354,2356,24.0,,,1,1611.3,538,8.57,8.956,8.51,,0.02,1.7,1.2
30000150461,Morning Run,2026-08-23,7090.5,2354,2356,24.0,,,2,1608.4,534,8.54,8.905,8.48,,0.08,5.0,6.2
30000150461,Morning Run,2026-08-23,7090.5,2354,2356,24.0,,,3,1609.2,532,8.52,8.867,8.46,,-0.53,7.3,3.9
30000150461,Morning Run,2026-08-23,7090.5,2354,2356,24.0,,,4,1609.6,532,8.51,8.865,8.46,,-0.34,7.5,3.3
30000150461,Morning Run,2026-08-23,7090.5,2354,2356,24.0,,,5,652.0,220,9.03,9.051,8.57,,0.07,5.8,5.6
30000158380,Morning Run,2026-08-30,5803.2,1814,1816,24.0,,,1,1613.6,508,8.26,8.444,8.21,,0.71,3.3,0.8
30000158380,Morning Run,2026-08-30,5803.2,1814,1816,24.0,,,2,1605.2,498,8.19,8.321,8.14,,-1.54,1.8,3.2
30000158380,Morning Run,2026-08-30,5803.2,1814,1816,24.0,,,3,1612.0,500,8.19,8.32,8.14,,0.27,4.7,3.0
30000158380,Morning Run,2026-08-30,5803.2,1814,1816,24.0,,,4,972.4,310,8.33,8.551,8.27,,-0.13,7.9,2.2
30000166299,River Loop,2026-08-31,6436.0,2114,2116,24.0,,,1,1610.3,534,8.53,8.895,8.48,,-0.67,3.8,3.0
30000166299,River Loop,2026-08-31,6436.0,2114,2116,24.0,,,2,1609.8,528,8.47,8.798,8.42,,-0.13,6.2,3.2
30000166299,River Loop,2026-08-31,6436.0,2114,2116,24.0,,,3,1610.2,528,8.47,8.795,8.42,,-0.52,3.6,2.4
30000166299,River Loop,2026-08-31,6436.0,2114,2116,24.0,,,4,1605.7,526,8.47,8.787,8.41,,-0.63,3.0,6.8
30000174218,Evening Run,2026-09-01,6553.8,1958,1960,24.0,145.6,154,1,1613.2,486,8.04,8.081,7.59,137.8,0.28,4.3,6.0
30000174218,Evening Run,2026-09-01,6553.8,1958,1960,24.0,145.6,154,2,1609.2,476,7.56,7.934,7.51,146.9,0.29,2.4,5.3
30000174218,Evening Run,2026-09-01,6553.8,1958,1960,24.0,145.6,154,3,1611.2,480,7.59,7.991,7.54,148.0,0.24,4.4,4.5
30000174218,Evening Run,2026-09-01,6553.8,1958,1960,24.0,145.6,154,4,1610.5,486,8.05,8.094,8.00,149.4,0.43,4.2,2.0
30000174218,Evening Run,2026-09-01,6553.8,1958,1960,24.0,145.6,154,5,109.7,32,7.49,7.824,7.44,149.1,-0.09,0.7,5.1
30000182137,Morning Run,2026-09-02,5013.5,1546,1548,22.2,144.5,154,1,1611.7,502,8.21,8.354,8.16,138.1,0.29,7.6,1.9
30000182137,Morning Run,2026-09-02,5013.5,1546,1548,22.2,144.5,154,2,1607.9,492,8.12,8.207,8.07,146.9,-0.05,0.2,4.3
30000182137,Morning Run,2026-09-02,5013.5,1546,1548,22.2,144.5,154,3,1613.0,494,8.12,8.215,8.07,148.0,-0.12,3.2,2.7
30000182137,Morning Run,2026-09-02,5013.5,1546,1548,22.2,144.5,154,4,180.9,60,8.53,8.896,8.48,149.0,-0.19,2.6,3.2
30000190056,River Loop,2026-09-03,5039.2,1572,1574,22.3,144.5,154,1,1609.9,506,8.25,8.43,8.20,138.4,0.67,5.3,4.2
30000190056,River Loop,2026-09-03,5039.2,1572,1574,22.3,144.5,154,2,1614.8,500,8.18,8.305,8.13,146.7,0.3,6.1,3.2
30000190056,River Loop,2026-09-03,5039.2,1572,1574,22.3,144.5,154,3,1607.2,498,8.18,8.311,8.13,148.1,-0.04,2.5,7.0
30000190056,River Loop,2026-09-03,5039.2,1572,1574,22.3,144.5,154,4,207.3,70,9.03,9.057,8.58,148.9,-0.61,0.7,6.7
30000197975,Afternoon Run,2026-09-04,5587.4,1754,1756,24.0,145.0,154,1,1610.5,508,8.27,8.461,8.22,138.4,0.36,7.0,4.8
30000197975,Afternoon Run,2026-09-04,5587.4,1754,1756,24.0,145.0,154,2,1609.5,500,8.19,8.333,8.14,146.6,0.32,5.9,4.1
30000197975,Afternoon Run,2026-09-04,5587.4,1754,1756,24.0,145.0,154,3,1612.3,502,8.21,8.351,8.16,148.3,-0.84,5.2,3.1
30000197975,Afternoon Run,2026-09-04,5587.4,1754,1756,24.0,145.0,154,4,755.1,246,8.44,8.738,8.39,148.8,-0.68,5.1,7.8
30000205894,Morning Run,2026-09-05,5707.0,1866,1868,24.0,145.2,155,1,1611.2,532,8.51,8.856,8.46,138.5,0.62,6.5,7.4
30000205894,Morning Run,2026-09-05,5707.0,1866,1868,24.0,145.2,155,2,1610.7,526,8.45,8.759,8.40,146.8,-0.34,0.8,6.3
30000205894,Morning Run,2026-09-05,5707.0,1866,1868,24.0,145.2,155,3,1608.4,526,8.46,8.772,8.41,148.4,-0.85,1.3,2.9
30000205894,Morning Run,2026-09-05,5707.0,1866,1868,24.0,145.2,155,4,876.7,284,8.41,8.689,8.36,149.2,0.81,0.5,2.0
30000213813,Evening Run,2026-09-07,5541.0,1838,1840,24.0,145.3,154,1,1613.7,542,9.00,9.009,8.55,138.9,-0.27,2.8,7.4
30000213813,Evening Run,2026-09-07,5541.0,1838,1840,24.0,145.3,154,2,1608.8,534,8.54,8.903,8.48,147.0,0.11,1.4,2.6
30000213813,Evening Run,2026-09-07,5541.0,1838,1840,24.0,145.3,154,3,1606.7,532,8.52,8.881,8.47,148.4,0.16,6.5,4.4
30000213813,Evening Run,2026-09-07,5541.0,1838,1840,24.0,145.3,154,4,711.8,232,8.44,8.742,8.39,149.2,-0.14,4.7,5.1
30000221732,Morning Run,2026-09-08,8981.2,2830,2832,34.1,147.2,157,1,1614.2,510,8.28,8.474,8.23,138.1,0.14,0.1,4.7
30000221732,Morning Run,2026-09-08,8981.2,2830,2832,34.1,147.2,157,2,1605.9,502,8.23,8.385,8.18,147.0,0.57,7.7,7.1
30000221732,Morning Run,2026-09-08,8981.2,2830,2832,34.1,147.2,157,3,1613.3,504,8.22,8.379,8.17,148.1,1.24,7.3,0.8
30000221732,Morning Run,2026-09-08,8981.2,2830,2832,34.1,147.2,157,4,1610.2,504,8.23,8.396,8.18,149.3,-0.24,7.1,1.8
30000221732,Morning Run,2026-09-08,8981.2,2830,2832,34.1,147.2,157,5,1608.6,506,8.26,8.437,8.21,150.5,-0.29,4.8,5.4
30000221732,Morning Run,2026-09-08,8981.2,2830,2832,34.1,147.2,157,6,929.0,306,8.50,8.835,8.44,151.8,-0.3,4.4,2.9
30000229651,Morning Run,2026-09-09,5503.6,1718,1720,24.0,145.0,155,1,1613.0,506,8.24,8.414,8.19,138.4,-0.01,3.1,5.9
30000229651,Morning Run,2026-09-09,5503.6,1718,1720,24.0,145.0,155,2,1606.7,496,8.16,8.28,8.11,147.1,-0.88,5.5,2.5
30000229651,Morning Run,2026-09-09,5503.6,1718,1720,24.0,145.0,155,3,1610.4,498,8.17,8.295,8.12,148.0,0.4,0.7,0.3
30000229651,Morning Run,2026-09-09,5503.6,1718,1720,24.0,145.0,155,4,673.5,220,8.45,8.762,8.40,149.1,0.38,6.4,3.5
30000237570,Morning Run,2026-09-10,9660.6,3084,3086,39.6,147.6,159,1,1611.2,520,8.39,8.657,8.34,138.5,0.7,3.7,2.7
30000237570,Morning Run,2026-09-10,9660.6,3084,3086,39.6,147.6,159,2,1611.1,514,8.33,8.557,8.28,146.9,1.02,3.6,1.6
30000237570,Morning Run,2026-09-10,9660.6,3084,3086,39.6,147.6,159,3,1610.2,512,8.31,8.529,8.26,148.2,-0.18,6.4,6.3
30000237570,Morning Run,2026-09-10,9660.6,3084,3086,39.6,147.6,159,4,1608.9,510,8.30,8.502,8.25,149.5,-0.67,0.7,3.4
30000237570,Morning Run,2026-09-10,9660.6,3084,3086,39.6,147.6,159,5,1610.5,514,8.33,8.561,8.28,150.9,-0.45,0.8,6.8
30000237570,Morning Run,2026-09-10,9660.6,3084,3086,39.6,147.6,159,6,1608.7,516,8.36,8.603,8.31,152.0,-0.08,1.1,7.9
30000245489,Evening Run,2026-09-14,3381.0,1138,1140,8.1,143.2,153,1,1609.9,544,9.03,9.064,8.58,139.0,0.41,3.2,3.9
30000245489,Evening Run,2026-09-14,3381.0,1138,1140,8.1,143.2,153,2,1613.3,542,9.00,9.011,8.55,147.0,0.13,2.0,3.4
30000245489,Evening Run,2026-09-14,3381.0,1138,1140,8.1,143.2,153,3,157.8,54,9.10,9.179,9.05,147.5,-0.1,6.7,2.6
30000253408,Evening Run,2026-09-16,8310.1,2644,2646,26.9,146.9,156,1,1612.9,516,8.34,8.581,8.29,138.4,0.54,0.0,4.9
30000253408,Evening Run,2026-09-16,8310.1,2644,2646,26.9,146.9,156,2,1606.8,510,8.30,8.513,8.25,146.8,0.39,7.0,6.7
30000253408,Evening Run,2026-09-16,8310.1,2644,2646,26.9,146.9,156,3,1609.1,510,8.30,8.501,8.24,148.4,-0.47,2.5,1.3
30000253408,Evening Run,2026-09-16,8310.1,2644,2646,26.9,146.9,156,4,1612.1,510,8.29,8.485,8.24,149.5,0.29,2.1,7.7
30000253408,Evening Run,2026-09-16,8310.1,2644,2646,26.9,146.9,156,5,1606.6,512,8.32,8.548,8.27,150.7,-0.47,6.8,4.4
30000253408,Evening Run,2026-09-16,8310.1,2644,2646,26.9,146.9,156,6,262.6,88,8.59,8.988,8.53,151.5,0.0,6.3,2.4
30000261327,River Loop,2026-09-17,6678.4,2214,2216,24.0,145.9,155,1,1614.8,538,8.56,8.936,8.50,138.6,-0.43,7.1,2.8
30000261327,River Loop,2026-09-17,6678.4,2214,2216,24.0,145.9,155,2,1607.5,530,8.50,8.843,8.45,146.9,-0.91,7.1,1.3
30000261327,River Loop,2026-09-17,6678.4,2214,2216,24.0,145.9,155,3,1610.2,532,8.51,8.862,8.46,148.1,-0.42,1.1,2.1
30000261327,River Loop,2026-09-17,6678.4,2214,2216,24.0,145.9,155,4,1610.2,532,8.51,8.862,8.46,149.5,-0.5,2.7,1.7
30000261327,River Loop,2026-09-17,6678.4,2214,2216,24.0,145.9,155,5,235.7,84,9.33,9.559,9.27,150.0,1.09,1.0,2.4
