activity_id,activity_name,run_date,session_distance_m,session_moving_time_s,session_elapsed_time_s,session_elev_gain_m,session_avg_hr,session_max_hr,lap,name,elapsed_time_s,moving_time_s,distance_m,avg_speed_ms,max_speed_ms,avg_heartrate,max_heartrate,avg_cadence,avg_watts,total_elevation_gain_m
30000000000,Evening Run,2026-07-21,8643.3,2894,2896,30.3,,,1,Lap 1,2896,2894,8643.3,2.987,3.49,,,,,30.3
30000007919,Evening Run,2026-07-22,7768.4,2352,2354,24.0,,,1,Lap 1,2354,2352,7768.4,3.303,3.77,,,,,24.0
30000015838,Afternoon Run,2026-07-23,6701.6,2294,2296,24.0,,,1,Lap 1,2296,2294,6701.6,2.921,3.42,,,,,24.0
30000023757,Afternoon Run,2026-07-27,3428.0,1126,1128,8.1,,,1,Lap 1,1128,1126,3428.0,3.044,3.45,,,,,8.1
30000031676,Evening Run,2026-07-28,7494.6,2386,2388,24.0,,,1,Lap 1,2388,2386,7494.6,3.141,3.56,,,,,24.0
30000039595,Afternoon Run,2026-07-29,6238.0,2086,2088,24.0,,,1,Lap 1,2088,2086,6238.0,2.99,3.43,,,,,24.0
30000047514,Evening Run,2026-07-30,8579.0,2746,2748,29.6,,,1,Lap 1,2748,2746,8579.0,3.124,3.6,,,,,29.6
30000055433,Morning Run,2026-07-31,6591.9,2262,2264,24.0,,,1,Lap 1,2264,2262,6591.9,2.914,3.37,,,,,24.0
30000063352,River Loop,2026-08-01,4339.0,1330,1332,15.3,,,1,Lap 1,1332,1330,4339.0,3.262,3.66,,,,,15.3
30000071271,River Loop,2026-08-02,3932.2,1340,1342,11.1,,,1,Lap 1,1342,1340,3932.2,2.934,3.38,,,,,11.1
30000079190,Evening Run,2026-08-04,6626.8,2044,2046,24.0,,,1,Lap 1,2046,2044,6626.8,3.242,3.68,,,,,24.0
30000087109,Afternoon Run,2026-08-05,6205.1,2026,2028,24.0,,,1,Lap 1,2028,2026,6205.1,3.063,3.48,,,,,24.0
30000095028,Evening Run,2026-08-08,4288.4,1384,1386,14.7,,,1,Lap 1,1386,1384,4288.4,3.099,3.49,,,,,14.7
30000102947,Afternoon Run,2026-08-11,7153.7,2408,2410,24.0,,,1,Lap 1,2410,2408,7153.7,2.971,3.37,,,,,24.0
30000110866,River Loop,2026-08-12,8588.0,2790,2792,29.7,,,1,Lap 1,2792,2790,8588.0,3.078,3.55,,,,,29.7
30000118785,Morning Run,2026-08-14,4519.7,1546,1548,17.4,,,1,Lap 1,1548,1546,4519.7,2.923,3.33,,,,,17.4
30000126704,Evening Run,2026-08-15,4090.1,1290,1292,12.6,,,1,Lap 1,1292,1290,4090.1,3.171,3.58,,,,,12.6
30000134623,Afternoon Run,2026-08-16,6241.5,2018,2020,24.0,,,1,Lap 1,2020,2018,6241.5,3.093,3.54,,,,,24.0
30000142542,Morning Run,2026-08-21,8631.1,2626,2628,30.1,,,1,Lap 1,2628,2626,8631.1,3.287,3.72,,,,,30.1
30000150461,Morning Run,2026-08-23,7090.5,2354,2356,24.0,,,1,Lap 1,2356,2354,7090.5,3.012,3.43,,,,,24.0
30000158380,Morning Run,2026-08-30,5803.2,1814,1816,24.0,,,1,Lap 1,1816,1814,5803.2,3.199,3.71,,,,,24.0
30000166299,River Loop,2026-08-31,6436.0,2114,2116,24.0,,,1,Lap 1,2116,2114,6436.0,3.044,3.47,,,,,24.0
30000174218,Evening Run,2026-09-01,6553.8,1958,1960,24.0,145.6,154,1,Lap 1,1960,1958,6553.8,3.347,3.77,145.6,154,,,24.0
30000182137,Morning Run,2026-09-02,5013.5,1546,1548,22.2,144.5,154,1,Lap 1,1548,1546,5013.5,3.243,3.69,144.5,154,,,22.2
30000190056,River Loop,2026-09-03,5039.2,1572,1574,22.3,144.5,154,1,Lap 1,1574,1572,5039.2,3.206,3.65,144.5,154,,,22.3
30000197975,Afternoon Run,2026-09-04,5587.4,1754,1756,24.0,145.0,154,1,Lap 1,1756,1754,5587.4,3.186,3.64,145.0,154,,,24.0
30000205894,Morning Run,2026-09-05,5707.0,1866,1868,24.0,145.2,155,1,Lap 1,1868,1866,5707.0,3.058,3.51,145.2,155,,,24.0
30000213813,Evening Run,2026-09-07,5541.0,1838,1840,24.0,145.3,154,1,Lap 1,1840,1838,5541.0,3.015,3.43,145.3,154,,,24.0
30000221732,Morning Run,2026-09-08,8981.2,2830,2832,34.1,147.2,157,1,Lap 1,2832,2830,8981.2,3.174,3.7,147.2,157,,,34.1
30000229651,Morning Run,2026-09-09,5503.6,1718,1720,24.0,145.0,155,1,Lap 1,1720,1718,5503.6,3.203,3.72,145.0,155,,,24.0
30000237570,Morning Run,2026-09-10,9660.6,3084,3086,39.6,147.6,159,1,Lap 1,3086,3084,9660.6,3.132,3.58,147.6,159,,,39.6
30000245489,Evening Run,2026-09-14,3381.0,1138,1140,8.1,143.2,153,1,Lap 1,1140,1138,3381.0,2.971,3.47,143.2,153,,,8.1
30000253408,Evening Run,2026-09-16,8310.1,2644,2646,26.9,146.9,156,1,Lap 1,2646,2644,8310.1,3.143,3.64,146.9,156,,,26.9
30000261327,River Loop,2026-09-17,6678.4,2214,2216,24.0,145.9,155,1,Lap 1,2216,2214,6678.4,3.016,3.47,145.9,155,,,24.0
